{"cameraMode":{"drawMode":0,"name":"Shaded","section":"Shading Mode"},"sceneLighting":true,"audioPlay":false,"sceneViewState":{"m_AlwaysRefresh":false,"showFog":true,"showSkybox":true,"showFlares":true,"showImageEffects":true,"showParticleSystems":true,"showVisualEffectGraphs":true,"m_FxEnabled":true},"in2DMode":false,"pivot":{"x":121.63998413085938,"y":30.528915405273439,"z":10.36550521850586},"rotation":{"x":0.19376151263713838,"y":0.007357587572187185,"z":-0.0014532727655023337,"w":0.9810221195220947},"size":41.5828971862793,"orthographic":false}